<?xml version="1.0" encoding="UTF-8"?>
<beans xmlns="http://www.springframework.org/schema/beans"
	xmlns:xsi="http://www.w3.org/2001/XMLSchema-instance" xmlns:p="http://www.springframework.org/schema/p"
	xmlns:context="http://www.springframework.org/schema/context"
	xmlns:mvc="http://www.springframework.org/schema/mvc"
	xsi:schemaLocation="http://www.springframework.org/schema/beans
     http://www.springframework.org/schema/beans/spring-beans-4.1.xsd  
     http://www.springframework.org/schema/context
     http://www.springframework.org/schema/context/spring-context-4.1.xsd  
     http://www.springframework.org/schema/mvc
     http://www.springframework.org/schema/mvc/spring-mvc-4.1.xsd">

	<mvc:annotation-driven />
	<context:component-scan base-package="guru.tour" />

	<bean id="viewResolver"
		class="org.springframework.web.servlet.view.UrlBasedViewResolver">
		<property name="viewClass">
			<value>
				org.springframework.web.servlet.view.tiles3.TilesView
			</value>
		</property>
	</bean>
	<bean id="tilesConfigurer"
		class="org.springframework.web.servlet.view.tiles3.TilesConfigurer">
		<property name="definitions">
			<list>
				<value>/WEB-INF/tiles.xml</value>
			</list>
		</property>
	</bean>

	<mvc:resources mapping="/resource/**" location="/resource/"
		cache-period="31556926"></mvc:resources>
	<import resource="classpath:/spring-data.xml" />

	<bean
		class="org.springframework.web.servlet.mvc.method.annotation.RequestMappingHandlerAdapter">
		<property name="messageConverters">
			<list>
				<ref bean="jsonTemplate" />
			</list>
		</property>
	</bean>

	<bean id="jsonTemplate" name="jsonTemplate"
		class="org.springframework.http.converter.json.MappingJackson2HttpMessageConverter">
	</bean>
</beans>