<!DOCTYPE tiles-definitions PUBLIC
"-//Apache Software Foundation//DTD Tiles Configuration 3.0//EN"
"http://tiles.apache.org/dtds/tiles-config_3_0.dtd">

<tiles-definitions>

	<definition name="definition" template="/view/template/template.jsp">
		<put-attribute name="header" value="/view/template/header.jsp" />
		<put-attribute name="body" value="" />
		<put-attribute name="aside" value="/view/template/aside.jsp" />
		<put-attribute name="navbar" value="/view/template/navbar.jsp" />
		<put-attribute name="nav" value="/view/template/section.jsp" />
	</definition>
	
	
	<definition name="homePage" extends="definition">
		<put-attribute name="body" value="/view/user/home.jsp" />
	</definition>	
</tiles-definitions>