<?xml version="1.0" encoding="UTF-8" standalone="no"?>
<databaseChangeLog xmlns="http://www.liquibase.org/xml/ns/dbchangelog"
	xmlns:xsi="http://www.w3.org/2001/XMLSchema-instance"
	xsi:schemaLocation="http://www.liquibase.org/xml/ns/dbchangelog 
http://www.liquibase.org/xml/ns/dbchangelog/dbchangelog-3.0.xsd"
	logicalFilePath="db.changelog.dbmaster-1.0.xml">
	
	<!-- Create User table -->
	<changeSet author="Huy (generated)" id="1"
		objectQuotingStrategy="QUOTE_ALL_OBJECTS">
		<createTable tableName="user">
			<column name="username" type="VARCHAR(45)">
				<constraints primaryKey="true" nullable="false" />
			</column>
			<column name="password" type="VARCHAR(45)" />	
		</createTable>
	</changeSet>
	
	<!-- Create Profile table -->
	<changeSet author="Huy (generated)" id="2"
		objectQuotingStrategy="QUOTE_ALL_OBJECTS">
		<createTable tableName="profile">
			<column name="firstname" type="VARCHAR(45)"></column>
			<column name="lastname" type="VARCHAR(45)" />
			<column name="image" type="VARCHAR(100)" />
			<column name="email" type="VARCHAR(50)" />	
			<column name="phone" type="VARCHAR(45)" />	
			<column name="username" type="VARCHAR(45)">
				<constraints primaryKey="true" nullable="false" />
			</column>	
		</createTable>
	</changeSet>
	
	<!-- Create Project table -->
	<changeSet author="Huy (generated)" id="3"
		objectQuotingStrategy="QUOTE_ALL_OBJECTS">
		<createTable tableName="project">
			<column name="id" type="INT" autoIncrement="true">
				<constraints primaryKey="true" nullable="false" />
			</column>
			<column name="name" type="VARCHAR(45)" />
			<column name="startdate" type="DATE" />
			<column name="enddate" type="DATE" />	
			<column name="discrible" type="VARCHAR(45)" />
			<column name="status" type="INT" />
			<column name="username" type="VARCHAR(45)"></column>		
		</createTable>
	</changeSet>

	<changeSet author="rin (generated)" id="5"
			   objectQuotingStrategy="QUOTE_ALL_OBJECTS">
		<createTable tableName="business">
			<column name="id" type="INT" autoIncrement="true">
				<constraints primaryKey="true" nullable="false" />
			</column>
			<column name="name" type="VARCHAR(45)" />
			<column name="experience" type="VARCHAR(45)" />
			<column name="startday" type="DATE" />
			<column name="username" type="VARCHAR(45)" />
		</createTable>
	</changeSet>
	<changeSet author="rin (generated)" id="6"
			   objectQuotingStrategy="QUOTE_ALL_OBJECTS">
		<createTable tableName="location">
			<column name="id" type="INT" autoIncrement="true">
				<constraints primaryKey="true" nullable="false" />
			</column>
			<column name="country" type="VARCHAR(45)" />
			<column name="city" type="VARCHAR(45)" />
			<column name="street" type="VARCHAR(45)" />
			<column name="number" type="VARCHAR(15)" />
			<column name="zipcode" type="INT(6)" />
			<column name="username" type="VARCHAR(45)" />

		</createTable>
	</changeSet>
	<changeSet author="rin (generated)" id="7"
			   objectQuotingStrategy="QUOTE_ALL_OBJECTS">
		<createTable tableName="comment">
			<column name="id" type="INT" autoIncrement="true">
				<constraints primaryKey="true" nullable="false" />
			</column>
			<column name="comment" type="VARCHAR(14500)" />
			<column name="date" type="DATETIME" />
			<column name="comment_by" type="VARCHAR(45)" />
			<column name="username" type="VARCHAR(45)" />
		</createTable>
	</changeSet>
	
	
	<changeSet id="p7" author="phuong">
		<createTable tableName="role" >
			<column name="id" type="INT" autoIncrement="true" >
				<constraints primaryKey="true" nullable="false"/>
			</column>
			<column name="name" type="varchar(45)"></column>
		</createTable>
	</changeSet>
	<changeSet id="p8" author="phuong">
		<createTable tableName="user_role">
			<column name="user" type="varchar(45)"></column>
			<column name="id_role" type="INT"></column>
		</createTable>
	</changeSet>
	<changeSet id="p9" author="phuong">
		<addForeignKeyConstraint constraintName="fk_user_role" referencedTableName="user" 
		baseColumnNames="user" baseTableName="user_role" referencedColumnNames="username"/>
		<addForeignKeyConstraint constraintName="fk_role_user" referencedTableName="role" 
		baseColumnNames="id_role" baseTableName="user_role" referencedColumnNames="id"/>
	</changeSet>
	
	 <changeSet id="p1" author="phuong">
		<insert tableName="user">
			<column name="userName" value="admin"></column>
			<column name="password" value="admin"></column>
		</insert>
	</changeSet> 
	
	
	<changeSet id="p3" author="phuong">
		<addDefaultValue columnName="image" tableName="profile" defaultValue="http://sv1.upsieutoc.com/2016/10/26/123.png"/>
	</changeSet>
	
	<changeSet id="p2" author="phuong">
		<insert tableName="profile">
			<column name="username" value="admin"></column>
			<column name="firstname" value="Quang"></column>
			<column name="lastname" value="Phuong"></column>
			<column name="email" value="phuongnq.itedu@gmail.com"></column>
			<column name="phone" value="0905747851"></column>
		</insert>
	</changeSet>
	
	<changeSet id="p4" author="phuong">
		<addForeignKeyConstraint constraintName="fk_profile_user" referencedTableName="user" 
		baseColumnNames="username" baseTableName="profile" referencedColumnNames="username"/>
	</changeSet>
	 <changeSet id="h3" author="Ha">
		<insert tableName="user">
			<column name="username" value="batcandoi"></column>
			<column name="password" value="admin"></column>
		</insert>
		<insert tableName="user">
			<column name="username" value="Havannguyen"></column>
			<column name="password" value="admin"></column>
		</insert>
		<insert tableName="user">
			<column name="username" value="Nguyen Van Ha"></column>
			<column name="password" value="12345"></column>
		</insert>		
	</changeSet> 
	<changeSet id="t1" author="tien">
		<addForeignKeyConstraint 
		constraintName="fk_business_user" 
		referencedTableName="user" 
		baseColumnNames="username" 
		baseTableName="business" 
		referencedColumnNames="username"/>
		
		<addForeignKeyConstraint 
		constraintName="fk_location_user" 
		referencedTableName="user" 
		baseColumnNames="username" 
		baseTableName="location" 
		referencedColumnNames="username"/>
	</changeSet>
	  <changeSet id="t2" author="tien">
		<insert tableName="business">
			<column name="id" value="1"></column>
			<column name="name" value="Development"></column>
			<column name="experience" value="3years"></column>
			<column name="username" value="admin"></column>
		</insert>
	</changeSet> 
	<changeSet id="t3" author="tien">
		<insert tableName="location">
			<column name="id" value="1"></column>
			<column name="country" value="VietNam"></column>
			<column name="city" value="DaNang"></column>
			<column name="street" value="LeDuan"></column>
			<column name="number" value="2"></column>
			<column name="zipcode" value="43"></column>
			<column name="username" value="admin"></column>
		</insert>
	</changeSet> 
	 
	<changeSet id="t4" author="tien">
		<insert tableName="location">
			<column name="id" value="2"></column>
			<column name="country" value="VietNam"></column>
			<column name="city" value="DaNang"></column>
			<column name="street" value="TruongChinh"></column>
			<column name="number" value="18"></column>
			<column name="zipcode" value="43"></column>
			<column name="username" value="batcandoi"></column>
		</insert>
		<insert tableName="business">
			<column name="id" value="2"></column>
			<column name="name" value="Development"></column>
			<column name="experience" value="5years"></column>
			<column name="username" value="batcandoi"></column>
		</insert>
		<insert tableName="location">
			<column name="id" value="3"></column>
			<column name="country" value="USA"></column>
			<column name="city" value="Massachusetts"></column>
			<column name="street" value="oldschool"></column>
			<column name="number" value="30"></column>
			<column name="zipcode" value="4"></column>
			<column name="username" value="Havannguyen"></column>
		</insert>
		<insert tableName="business">
			<column name="id" value="3"></column>
			<column name="name" value="Analysis"></column>
			<column name="experience" value="1years"></column>
			<column name="username" value="Havannguyen"></column>
		</insert>
	</changeSet> 
	<changeSet id="p10" author="phuong">
		<insert tableName="role">
			<column name="id" value="1"></column>
			<column name="name" value="ROLE_USER"></column>
		</insert>
	
	</changeSet>
	<changeSet id="p11" author="phuong">
		<modifyDataType tableName="user" columnName="password" newDataType="varchar(255)" />
	</changeSet>
	<changeSet id="h5" author="ha">
		<insert tableName="project">
			<column name="name" value="Java Applycation"></column>			
			<column name="status" value="1"></column>
			<column name="username" value="admin"></column>
		</insert>
		<insert tableName="project">
			<column name="name" value=".NET Applycation"></column>			
			<column name="status" value="1"></column>
			<column name="username" value="batcandoi"></column>
		</insert>
		<insert tableName="project">
			<column name="name" value="Androi Applycation"></column>			
			<column name="status" value="1"></column>
			<column name="username" value="Havannguyen"></column>
		</insert>
	</changeSet>
	<changeSet id="h6" author="ha">
		<insert tableName="project">
			<column name="name" value="Academy App"></column>			
			<column name="status" value="0"></column>
			<column name="username" value="admin"></column>
		</insert>
		<insert tableName="project">
			<column name="name" value="Teaching Technical Applycation"></column>			
			<column name="status" value="0"></column>
			<column name="username" value="batcandoi"></column>
		</insert>
		<insert tableName="project">
			<column name="name" value="Teaching Androi Applycation"></column>			
			<column name="status" value="1"></column>
			<column name="username" value="Havannguyen"></column>
		</insert>
	</changeSet>
	
	
	<changeSet author="Huy (generated)" id="4">
		<tagDatabase tag="version_1.0" />
	</changeSet>
	
	<changeSet id="ho1" author="hoang">
	<createTable tableName="rating">
	<column name="id" type="INT">
	<constraints primaryKey="true" nullable="false"/>
	</column>
	<column name="username" type="varchar(45)"></column>
	<column name="rate" type="FLOAT"></column>
	</createTable>
	</changeSet>
	<changeSet id="ho2" author="hoang">
	<addForeignKeyConstraint constraintName="fk_rating_user" referencedTableName="user" baseColumnNames="username" baseTableName="rating" referencedColumnNames="username"/>
	</changeSet>
	<changeSet id="ho3" author="hoang">
	<insert tableName="rating">
	<column name="id" value="1"></column>
	<column name="username" value="batcandoi"></column>
	<column name="rate" value="3.5"></column>
	</insert>
	<insert tableName="rating">
	<column name="id" value="2"></column>
	<column name="username" value="Havannguyen"></column>
	<column name="rate" value="0.5"></column>
	</insert>
	</changeSet>
</databaseChangeLog>