<beans xmlns:xsi="http://www.w3.org/2001/XMLSchema-instance"
	xmlns="http://www.springframework.org/schema/beans"
	xmlns:context="http://www.springframework.org/schema/context"
	xmlns:mvc="http://www.springframework.org/schema/mvc"
	xmlns:jpa="http://www.springframework.org/schema/data/jpa"
	xmlns:tx="http://www.springframework.org/schema/tx"
	xmlns:security="http://www.springframework.org/schema/security"
	xsi:schemaLocation="http://www.springframework.org/schema/security http://www.springframework.org/schema/security/spring-security-3.2.xsd
		http://www.springframework.org/schema/mvc http://www.springframework.org/schema/mvc/spring-mvc-3.2.xsd
		http://www.springframework.org/schema/beans http://www.springframework.org/schema/beans/spring-beans-3.0.xsd
		http://www.springframework.org/schema/context http://www.springframework.org/schema/context/spring-context-3.0.xsd
		http://www.springframework.org/schema/data/jpa http://www.springframework.org/schema/data/jpa/spring-jpa-1.0.xsd
		http://www.springframework.org/schema/tx http://www.springframework.org/schema/tx/spring-tx-3.2.xsd">

	<!-- It register the beans in context and scan the annotations inside beans 
		and activate them -->
	<context:component-scan base-package="guru.tour" />
	<context:property-placeholder location="classpath:database.properties"
		order="0" ignore-unresolvable="true" />
	<!-- <bean id="encoder" class="org.springframework.security.crypto.bcrypt.BCryptPasswordEncoder"/> -->
	<!-- This allow for dispatching requests to Controllers -->

	<!-- This produces a container-managed EntityManagerFactory; rather than 
		application-managed EntityManagerFactory as in case of LocalEntityManagerFactoryBean -->
	<bean id="entityManagerFactory"
		class="org.springframework.orm.jpa.LocalContainerEntityManagerFactoryBean">
		<property name="dataSource" ref="dataSource" />
		<!-- This makes /META-INF/persistence.xml is no longer necessary -->
		<property name="packagesToScan" value="guru.tour.entity" />
		<!-- JpaVendorAdapter implementation for Hibernate EntityManager. Exposes 
			Hibernate's persistence provider and EntityManager extension interface -->
		<property name="jpaVendorAdapter">
			<bean class="org.springframework.orm.jpa.vendor.HibernateJpaVendorAdapter">
				<property name="generateDdl" value="false"></property>
				<property name="showSql" value="true"></property>
			</bean>
		</property>
		<property name="jpaProperties">
			<props>
			<!-- 	<prop key="hibernate.hbm2ddl.auto">create</prop> -->
				<prop key="hibernate.dialect">org.hibernate.dialect.MySQL5Dialect</prop>
			</props>
		</property>
	</bean>

	<!-- Simple implementation of the standard JDBC DataSource interface, configuring 
		the plain old JDBC DriverManager via bean properties -->
	<bean id="dataSource"
		class="org.springframework.jdbc.datasource.DriverManagerDataSource">
		<property name="driverClassName" value="${driver}" />
		<property name="url" value="${url}" />
		<property name="username" value="${username}" />
		<property name="password" value="${password}" />
	</bean>

	<jpa:repositories base-package="guru.tour.repository" />
	<!-- This transaction manager is appropriate for applications that use a 
		single JPA EntityManagerFactory for transactional data access. JTA (usually 
		through JtaTransactionManager) is necessary for accessing multiple transactional 
		resources within the same transaction. -->
	<bean id="transactionManager" class="org.springframework.orm.jpa.JpaTransactionManager">
		<property name="entityManagerFactory" ref="entityManagerFactory" />
	</bean>

	<!-- responsible for registering the necessary Spring components that power 
		annotation-driven transaction management; such as when @Transactional methods 
		are invoked -->
	<tx:annotation-driven />
</beans>