	<beans xmlns="http://www.springframework.org/schema/beans"
		xmlns:xsi="http://www.w3.org/2001/XMLSchema-instance"
		xmlns:context="http://www.springframework.org/schema/context"
		xmlns:tx="http://www.springframework.org/schema/tx"
		xmlns:mvc="http://www.springframework.org/schema/mvc"
		xmlns:jpa="http://www.springframework.org/schema/data/jpa"
		xsi:schemaLocation="http://www.springframework.org/schema/mvc http://www.springframework.org/schema/mvc/spring-mvc-3.2.xsd
		http://www.springframework.org/schema/beans http://www.springframework.org/schema/beans/spring-beans-3.0.xsd
		http://www.springframework.org/schema/context http://www.springframework.org/schema/context/spring-context-3.0.xsd
		http://www.springframework.org/schema/data/jpa http://www.springframework.org/schema/data/jpa/spring-jpa-1.0.xsd
		http://www.springframework.org/schema/tx http://www.springframework.org/schema/tx/spring-tx-3.2.xsd
">
		<context:property-placeholder location="classpath*:application.properties"/>
		<bean id="dataSource" class="org.springframework.jdbc.datasource.DriverManagerDataSource">
		    <property name="driverClassName" value="${jdbc.driverClassName}"/>
		    <property name="url" value="${jdbc.url}"/>
		    <property name="username" value="${jdbc.username}"/>
		    <property name="password" value="${jdbc.password}"/>
		</bean>
		
		<bean id="entityManagerFactoryBean" class="org.springframework.orm.jpa.LocalContainerEntityManagerFactoryBean">
        <property name="dataSource" ref="dataSource" />       
       <!--  JpaVendorAdapter implementation for Hibernate EntityManager.
             Exposes Hibernate's persistence provider and EntityManager extension interface  -->
        <property name="jpaVendorAdapter">
            <bean class="org.springframework.orm.jpa.vendor.HibernateJpaVendorAdapter" >
                <property name="generateDdl" value="true" ></property>
                <property name="showSql" value="true"></property>
            </bean>
        </property>
        <property name="jpaProperties">
            <props>
                <prop key="hibernate.hbm2ddl.auto">validate</prop>
                <prop key="hibernate.dialect">org.hibernate.dialect.MySQL5Dialect</prop>
            </props>
        </property>
        <property name="packagesToScan">
        	<list>
        		<value>org.hocviencntt.user.model</value>
        		<value>org.hocviencntt.project.model</value>
        		<value>org.hocviencntt.location.model</value>
        		<value>org.hocviencntt.business.model</value>
        		<value>org.hocviencntt.rating.model</value>
        	</list>
        </property>
    </bean>	
		<bean id="transactionManager"
			class="org.springframework.orm.jpa.JpaTransactionManager">
			<property name="entityManagerFactory"
				ref="entityManagerFactoryBean" />
		</bean>
	</beans>
