<beans xmlns="http://www.springframework.org/schema/beans"
       xmlns:xsi="http://www.w3.org/2001/XMLSchema-instance"
       xmlns:context="http://www.springframework.org/schema/context"
       xmlns:tx="http://www.springframework.org/schema/tx"
       xmlns:mvc="http://www.springframework.org/schema/mvc"
       xmlns:jpa="http://www.springframework.org/schema/data/jpa"
       xsi:schemaLocation="http://www.springframework.org/schema/mvc http://www.springframework.org/schema/mvc/spring-mvc-3.2.xsd
		http://www.springframework.org/schema/beans http://www.springframework.org/schema/beans/spring-beans-3.0.xsd
		http://www.springframework.org/schema/context http://www.springframework.org/schema/context/spring-context-3.0.xsd
		http://www.springframework.org/schema/data/jpa http://www.springframework.org/schema/data/jpa/spring-jpa-1.0.xsd
		http://www.springframework.org/schema/tx http://www.springframework.org/schema/tx/spring-tx-3.2.xsd
">


	
    <!-- It register the beans in context and scan the annotations inside beans and activate them -->
    <context:component-scan base-package="org.hocviencntt.*" />

    <!-- This allow for dispatching requests to Controllers -->
    <mvc:annotation-driven />
    <!-- This inject css js into project  -->
     <mvc:resources mapping="/resource/**" location="/resource/" />
     <bean id="messageSource" class="org.springframework.context.support.ReloadableResourceBundleMessageSource">
        <property name="basenames">
            <list>
                <value>classpath:validation</value>
            </list>
        </property>
    </bean>
    <bean id="viewResolver"
          class="org.springframework.web.servlet.view.UrlBasedViewResolver">
        <property name="viewClass">
            <value>
                org.springframework.web.servlet.view.tiles3.TilesView
            </value>
        </property>
    </bean>
    <bean id="tilesConfigurer"
          class="org.springframework.web.servlet.view.tiles3.TilesConfigurer">
        <property name="definitions">
            <list>
                <value>/WEB-INF/tiles.xml</value>
            </list>
        </property>
    </bean>

	 <bean class="org.springframework.web.servlet.view.InternalResourceViewResolver">
        <property name="prefix" value="/view/user/" />
        <property name="suffix" value=".jsp" />
    </bean> 
    <!-- This helps in mapping the logical view names to directly view files under a certain pre-configured directory -->
    



    <!-- To validate the posted add employee form -->
    <!--   <bean id="employeeValidator" class="com.howtodoinjava.demo.validator.EmployeeValidator" />-->

    <!-- This produces a container-managed EntityManagerFactory;
         rather than application-managed EntityManagerFactory as in case of LocalEntityManagerFactoryBean-->
    <!--<bean id="entityManagerFactoryBean" class="org.springframework.orm.jpa.LocalContainerEntityManagerFactoryBean">
        <property name="dataSource" ref="dataSource" />
        &lt;!&ndash; This makes /META-INF/persistence.xml is no longer necessary &ndash;&gt;
        <property name="packagesToScan" value="com.jfreedom.model" />
        &lt;!&ndash; JpaVendorAdapter implementation for Hibernate EntityManager.
             Exposes Hibernate's persistence provider and EntityManager extension interface &ndash;&gt;
        <property name="jpaVendorAdapter">
            <bean class="org.springframework.orm.jpa.vendor.HibernateJpaVendorAdapter" >
                <property name="generateDdl" value="true" ></property>
                <property name="showSql" value="true"></property>
            </bean>
        </property>
        <property name="jpaProperties">
            <props>
                <prop key="hibernate.hbm2ddl.auto">validate</prop>
                <prop key="hibernate.dialect">org.hibernate.dialect.MySQL5Dialect</prop>
            </props>
        </property>
    </bean>-->


    <!-- Simple implementation of the standard JDBC DataSource interface,
         configuring the plain old JDBC DriverManager via bean properties -->
    <!--<bean id="dataSource" class="org.springframework.jdbc.datasource.DriverManagerDataSource">
        <property name="driverClassName" value="com.mysql.jdbc.Driver" />
        <property name="url" value="jdbc:mysql://localhost:3306/hocvien" />
        <property name="username" value="root" />
        <property name="password" value="123456" />
    </bean>

    <jpa:repositories base-package="com.jfreedom.reponsitory" />

    &lt;!&ndash; This transaction manager is appropriate for applications that use a single JPA EntityManagerFactory for transactional data access.
        JTA (usually through JtaTransactionManager) is necessary for accessing multiple transactional resources within the same transaction. &ndash;&gt;
    <bean id="transactionManager" class="org.springframework.orm.jpa.JpaTransactionManager">
        <property name="entityManagerFactory" ref="entityManagerFactoryBean" />
    </bean>-->

    <!-- responsible for registering the necessary Spring components that power annotation-driven transaction management;
         such as when @Transactional methods are invoked -->
    <tx:annotation-driven />

</beans>