<beans xmlns="http://www.springframework.org/schema/beans"
       xmlns:xsi="http://www.w3.org/2001/XMLSchema-instance"
       xmlns:context="http://www.springframework.org/schema/context"
       xmlns:tx="http://www.springframework.org/schema/tx"
       xmlns:mvc="http://www.springframework.org/schema/mvc"
       xmlns:jpa="http://www.springframework.org/schema/data/jpa"
       xsi:schemaLocation="http://www.springframework.org/schema/mvc http://www.springframework.org/schema/mvc/spring-mvc-3.2.xsd
		http://www.springframework.org/schema/beans http://www.springframework.org/schema/beans/spring-beans-3.0.xsd
		http://www.springframework.org/schema/context http://www.springframework.org/schema/context/spring-context-3.0.xsd
		http://www.springframework.org/schema/data/jpa http://www.springframework.org/schema/data/jpa/spring-jpa-1.0.xsd
		http://www.springframework.org/schema/tx http://www.springframework.org/schema/tx/spring-tx-3.2.xsd
">
	
	<import resource="appconfig-mvc.xml" />
	<import resource="appconfig-data.xml" />
	<import resource="appconfig-security.xml" />	
	<import resource="classpath:projectApplicationContext.xml"/>
	<import resource="classpath:userApplicationContext.xml"/>
    <import resource="classpath:locationApplicationContext.xml"/>
    <import resource="classpath:businessApplicationContext.xml"/>
    <import resource="classpath:ratingApplicationContext.xml"/>
</beans>